<?xml version="1.0" encoding="utf-8"?>
<!--/166417/1621604/2.50/3/4/Variable Resistor/-->
<quadcept_library>
  <setting unit="mil" />
  <textstyle name="Default" height="47.244094488189" strokewidth="7.8740157480315" charwidth="47.244094488189" />
  <textstyle name="Dimension" height="19.6850393700787" strokewidth="0" charwidth="19.6850393700787" />
  <textstyle name="H127W0635TH00762" height="50" strokewidth="3" charwidth="25" />
  <textstyle name="H15W15TH02" height="59.0551181102362" strokewidth="7.8740157480315" charwidth="59.0551181102362" />
  <padstyle name="c124_h74" surface="False" plated="True" isvia="False" nopaste="True" nomask="True" complex="False" holesize="29.133858267716">
    <padshape layer="TOP" shape="round" width="48.818897637795" height="48.818897637795" />
    <padshape layer="TOP_SOLDER_MASK" shape="round" width="56.692913385826" height="56.692913385826" />
    <padshape layer="INNER" shape="round" width="48.818897637795" height="48.818897637795" />
    <padshape layer="BOTTOM" shape="round" width="48.818897637795" height="48.818897637795" />
    <padshape layer="BOTTOM_SOLDER_MASK" shape="round" width="56.692913385826" height="56.692913385826" />
  </padstyle>
  <footprint name="3006P_1" originx="0" originy="0" pickpointx="0" pickpointy="0">
    <pcbpin number="1" name="1" style="c124_h74" originx="125" originy="155.11811023622" rotation="90" />
    <pcbpin number="2" name="2" style="c124_h74" originx="424.99999999999" originy="55.11811023622" rotation="90" />
    <pcbpin number="3" name="3" style="c124_h74" originx="624.99999999999" originy="155.11811023622" rotation="90" />
    <line layer="TOP_ASSEMBLY" originx="0" originy="190.15748031496" endx="749.99999999999" endy="190.15748031496" width="9.9999999999999" />
    <line layer="TOP_ASSEMBLY" originx="749.99999999999" originy="190.15748031496" endx="749.99999999999" endy="0" width="9.9999999999999" />
    <line layer="TOP_ASSEMBLY" originx="749.99999999999" originy="0" endx="0" endy="0" width="9.9999999999999" />
    <line layer="TOP_ASSEMBLY" originx="0" originy="0" endx="0" endy="190.15748031496" width="9.9999999999999" />
    <line layer="TOP_SILKSCREEN" originx="0" originy="10.03937007874" endx="0" endy="190.15748031496" width="9.9999999999999" />
    <line layer="TOP_SILKSCREEN" originx="0" originy="190.15748031496" endx="749.99999999999" endy="190.15748031496" width="9.9999999999999" />
    <line layer="TOP_SILKSCREEN" originx="749.99999999999" originy="190.15748031496" endx="749.99999999999" endy="0" width="9.9999999999999" />
    <line layer="TOP_SILKSCREEN" originx="749.99999999999" originy="0" endx="0" endy="0" width="9.9999999999999" />
    <arc layer="TOP_SILKSCREEN" originx="126.5748031496" originy="225.30196850393" startangle="180" sweepangle="180" radius="7.7783464566928" width="19.685039370078" />
    <arc layer="TOP_SILKSCREEN" originx="126.5748031496" originy="225.30196850393" startangle="180" sweepangle="-180" radius="7.7783464566928" width="19.685039370078" />
  </footprint>
  <symbol name="3006P-1-502LF" originx="0" originy="0">
    <line originx="200" originy="100" endx="900" endy="100" width="0" />
    <line originx="900" originy="-200" endx="900" endy="100" width="0" />
    <line originx="900" originy="-200" endx="200" endy="-200" width="0" />
    <line originx="200" originy="100" endx="200" endy="-200" width="0" />
    <sympin number="1" originx="900" originy="0" rotation="0" length="100" width="7.8740157480315" flipped="False">
      <text name="pinname" originx="870" originy="0" style="Default" rotation="0" justify="right" flipped="False" hidden="False" data="CCW" />
      <text name="pindes" originx="960" originy="20" style="Default" rotation="0" justify="lowerleft" flipped="False" hidden="False" data="1" />
    </sympin>
    <sympin number="2" originx="200" originy="0" rotation="180" length="100" width="7.8740157480315" flipped="False">
      <text name="pinname" originx="230" originy="0" style="Default" rotation="0" justify="left" flipped="False" hidden="False" data="WIPER" />
      <text name="pindes" originx="140" originy="20" style="Default" rotation="0" justify="lowerright" flipped="False" hidden="False" data="2" />
    </sympin>
    <sympin number="3" originx="900" originy="-100" rotation="0" length="100" width="7.8740157480315" flipped="False">
      <text name="pinname" originx="870" originy="-100" style="Default" rotation="0" justify="right" flipped="False" hidden="False" data="CW" />
      <text name="pindes" originx="960" originy="-80" style="Default" rotation="0" justify="lowerleft" flipped="False" hidden="False" data="3" />
    </sympin>
  </symbol>
  <component name="3006P-1-502LF" designatorprefix="VR" height="0" footprint="3006P_1">
    <comppin designator="1" sympin="1" pinswap="0" gateswap="0" gate="1" group="1" side="" type="Any" name="CCW" />
    <comppin designator="2" sympin="2" pinswap="0" gateswap="0" gate="1" group="1" side="" type="Any" name="WIPER" />
    <comppin designator="3" sympin="3" pinswap="0" gateswap="0" gate="1" group="1" side="" type="Any" name="CW" />
    <attached_symbol gate="1" name="3006P-1-502LF" />
    <pinmap designator="1" footprintpin="1" />
    <pinmap designator="2" footprintpin="2" />
    <pinmap designator="3" footprintpin="3" />
    <text name="Datasheet" originx="0" originy="0" style="Default" rotation="0" justify="" flipped="False" hidden="True" data="" />
    <text name="Description" originx="0" originy="0" style="Default" rotation="0" justify="" flipped="False" hidden="True" data="Bourns 3006 Series 15-Turn Through Hole Trimmer Resistor with Pin Terminations, 5k +/-10% 0.75W +/-100ppm/C Side Adjust" />
    <text name="Mouser Part Number" originx="0" originy="0" style="Default" rotation="0" justify="" flipped="False" hidden="True" data="652-3006P-1-502-LF" />
    <text name="Mouser Price/Stock" originx="0" originy="0" style="Default" rotation="0" justify="" flipped="False" hidden="True" data="https://www.mouser.co.uk/ProductDetail/Bourns/3006P-1-502LF?qs=GxOdHD6aiJ72YmubKZoWfw%3D%3D" />
    <text name="Manufacturer_Name" originx="0" originy="0" style="Default" rotation="0" justify="" flipped="False" hidden="True" data="Bourns" />
    <text name="Manufacturer_Part_Number" originx="950" originy="200" style="Default" rotation="0" justify="left" flipped="False" hidden="False" data="3006P-1-502LF" />
  </component>
</quadcept_library>
