{"TimeStamp":"Wed May 26 16:45:33 2021\n","Circuits":{"ExitCode":"0","TraceCount":"1","Mode":"SPICE","Type":"TIRestricted","Models":[{"ModelName":"R_NOISELESS","FileName":"c:\\spb_data\\cdssetup\\psptilibdir\\opa4388.lib","ModelType":".model","DeviceType":"R","Source":"FROM_INC","isLibSigned":"true","isAllowed":"true"},{"ModelName":"X_U1.D_IN_CLMP","FileName":"c:\\users\\a0232073\\downloads\\ths3491\\ths3491.lib","ModelType":".model","DeviceType":"D","Source":"FROM_INC","isLibSigned":"false","isAllowed":"false"},{"ModelName":"X_U1.Dpdn","FileName":"c:\\users\\a0232073\\downloads\\ths3491\\ths3491.lib","ModelType":".model","DeviceType":"D","Source":"FROM_INC","isLibSigned":"false","isAllowed":"false"},{"ModelName":"X_U1.X_U107.DVNF","FileName":"c:\\users\\a0232073\\downloads\\ths3491\\ths3491.lib","ModelType":".model","DeviceType":"D","Source":"FROM_INC","isLibSigned":"false","isAllowed":"false"},{"ModelName":"X_U1.X_U108.DVNF","FileName":"c:\\users\\a0232073\\downloads\\ths3491\\ths3491.lib","ModelType":".model","DeviceType":"D","Source":"FROM_INC","isLibSigned":"false","isAllowed":"false"},{"ModelName":"X_U1.X_U123.DVN","FileName":"c:\\users\\a0232073\\downloads\\ths3491\\ths3491.lib","ModelType":".model","DeviceType":"D","Source":"FROM_INC","isLibSigned":"false","isAllowed":"false"},{"ModelName":"X_U1.X_U126.SW1pFULLn","FileName":"c:\\users\\a0232073\\downloads\\ths3491\\ths3491.lib","ModelType":".model","DeviceType":"S","Source":"FROM_INC","isLibSigned":"false","isAllowed":"true"},{"ModelName":"X_U1.X_U126.SW1pFULLp","FileName":"c:\\users\\a0232073\\downloads\\ths3491\\ths3491.lib","ModelType":".model","DeviceType":"S","Source":"FROM_INC","isLibSigned":"false","isAllowed":"true"},{"ModelName":"AMETER","FileName":"c:\\users\\a0232073\\downloads\\ths3491\\ths3491.lib","ModelType":".subckt","DeviceType":"X","Source":"FROM_INC","isLibSigned":"false","isAllowed":"true"},{"ModelName":"COMPARATOR","FileName":"c:\\users\\a0232073\\downloads\\ths3491\\ths3491.lib","ModelType":".subckt","DeviceType":"X","Source":"FROM_INC","isLibSigned":"false","isAllowed":"true"},{"ModelName":"dev_dis","FileName":"c:\\users\\a0232073\\downloads\\ths3491\\ths3491.lib","ModelType":".subckt","DeviceType":"X","Source":"FROM_INC","isLibSigned":"false","isAllowed":"true"},{"ModelName":"DEV_SCH3_F1","FileName":"c:\\users\\a0232073\\downloads\\ths3491\\ths3491.lib","ModelType":".subckt","DeviceType":"X","Source":"FROM_INC","isLibSigned":"false","isAllowed":"true"},{"ModelName":"FEMT","FileName":"c:\\users\\a0232073\\downloads\\ths3491\\ths3491.lib","ModelType":".subckt","DeviceType":"X","Source":"FROM_INC","isLibSigned":"false","isAllowed":"true"},{"ModelName":"FEMT_INV","FileName":"c:\\users\\a0232073\\downloads\\ths3491\\ths3491.lib","ModelType":".subckt","DeviceType":"X","Source":"FROM_INC","isLibSigned":"false","isAllowed":"true"},{"ModelName":"GBW_SLEW_OVRDRV_LIM","FileName":"c:\\users\\a0232073\\downloads\\ths3491\\ths3491.lib","ModelType":".subckt","DeviceType":"X","Source":"FROM_INC","isLibSigned":"false","isAllowed":"true"},{"ModelName":"IIBN","FileName":"c:\\users\\a0232073\\downloads\\ths3491\\ths3491.lib","ModelType":".subckt","DeviceType":"X","Source":"FROM_INC","isLibSigned":"false","isAllowed":"true"},{"ModelName":"IIBP","FileName":"c:\\users\\a0232073\\downloads\\ths3491\\ths3491.lib","ModelType":".subckt","DeviceType":"X","Source":"FROM_INC","isLibSigned":"false","isAllowed":"true"},{"ModelName":"IQ_MODES","FileName":"c:\\users\\a0232073\\downloads\\ths3491\\ths3491.lib","ModelType":".subckt","DeviceType":"X","Source":"FROM_INC","isLibSigned":"false","isAllowed":"true"},{"ModelName":"MODE_CNTRL_2BITS","FileName":"c:\\users\\a0232073\\downloads\\ths3491\\ths3491.lib","ModelType":".subckt","DeviceType":"X","Source":"FROM_INC","isLibSigned":"false","isAllowed":"true"},{"ModelName":"NAND2","FileName":"c:\\users\\a0232073\\downloads\\ths3491\\ths3491.lib","ModelType":".subckt","DeviceType":"X","Source":"FROM_INC","isLibSigned":"false","isAllowed":"true"},{"ModelName":"PSRR","FileName":"c:\\users\\a0232073\\downloads\\ths3491\\ths3491.lib","ModelType":".subckt","DeviceType":"X","Source":"FROM_INC","isLibSigned":"false","isAllowed":"true"},{"ModelName":"THS3491RGT","FileName":"c:\\users\\a0232073\\downloads\\ths3491\\ths3491.lib","ModelType":".subckt","DeviceType":"X","Source":"FROM_INC","isLibSigned":"false","isAllowed":"true"},{"ModelName":"VICM","FileName":"c:\\users\\a0232073\\downloads\\ths3491\\ths3491.lib","ModelType":".subckt","DeviceType":"X","Source":"FROM_INC","isLibSigned":"false","isAllowed":"true"},{"ModelName":"VNSE","FileName":"c:\\users\\a0232073\\downloads\\ths3491\\ths3491.lib","ModelType":".subckt","DeviceType":"X","Source":"FROM_INC","isLibSigned":"false","isAllowed":"true"},{"ModelName":"VOS","FileName":"c:\\users\\a0232073\\downloads\\ths3491\\ths3491.lib","ModelType":".subckt","DeviceType":"X","Source":"FROM_INC","isLibSigned":"false","isAllowed":"true"},{"ModelName":"VOUTvsIOUT_NROS_SHDN","FileName":"c:\\users\\a0232073\\downloads\\ths3491\\ths3491.lib","ModelType":".subckt","DeviceType":"X","Source":"FROM_INC","isLibSigned":"false","isAllowed":"true"},{"ModelName":"ZOL","FileName":"c:\\users\\a0232073\\downloads\\ths3491\\ths3491.lib","ModelType":".subckt","DeviceType":"X","Source":"FROM_INC","isLibSigned":"false","isAllowed":"true"}]}}