{"TimeStamp":"Wed Dec 16 16:10:55 2020\n","Circuits":{"ExitCode":"0","TraceCount":"1","Mode":"SPICE","Type":"TIRestricted","Models":[{"ModelName":"X_U1.X_E_N.DVN","FileName":"c:\\users\\a0232073\\desktop\\gwl_models\\opa695\\appendscript\\opa695_pspice\\opa695_a.lib","ModelType":".model","DeviceType":"D","Source":"FROM_LIB","isLibSigned":"false","isAllowed":"false"},{"ModelName":"X_U1.X_I_NP.DVNF","FileName":"c:\\users\\a0232073\\desktop\\gwl_models\\opa695\\appendscript\\opa695_pspice\\opa695_a.lib","ModelType":".model","DeviceType":"D","Source":"FROM_LIB","isLibSigned":"false","isAllowed":"false"},{"ModelName":"X_U1.X_I_NP2.DVNF","FileName":"c:\\users\\a0232073\\desktop\\gwl_models\\opa695\\appendscript\\opa695_pspice\\opa695_a.lib","ModelType":".model","DeviceType":"D","Source":"FROM_LIB","isLibSigned":"false","isAllowed":"false"},{"ModelName":"X_U1.R_NOISELESS","FileName":"c:\\users\\a0232073\\desktop\\gwl_models\\opa695\\appendscript\\opa695_pspice\\opa695_a.lib","ModelType":".model","DeviceType":"R","Source":"FROM_LIB","isLibSigned":"false","isAllowed":"true"},{"ModelName":"08_OP_AMP_COMPLETE_H3_OPA695","FileName":"c:\\users\\a0232073\\desktop\\gwl_models\\opa695\\appendscript\\opa695_pspice\\opa695_a.lib","ModelType":".subckt","DeviceType":"X","Source":"FROM_LIB","isLibSigned":"false","isAllowed":"true"},{"ModelName":"AOL_1_OPA695","FileName":"c:\\users\\a0232073\\desktop\\gwl_models\\opa695\\appendscript\\opa695_pspice\\opa695_a.lib","ModelType":".subckt","DeviceType":"X","Source":"FROM_LIB","isLibSigned":"false","isAllowed":"true"},{"ModelName":"AOL_2_OPA695","FileName":"c:\\users\\a0232073\\desktop\\gwl_models\\opa695\\appendscript\\opa695_pspice\\opa695_a.lib","ModelType":".subckt","DeviceType":"X","Source":"FROM_LIB","isLibSigned":"false","isAllowed":"true"},{"ModelName":"CLAMP_AMP_LO_OPA695","FileName":"c:\\users\\a0232073\\desktop\\gwl_models\\opa695\\appendscript\\opa695_pspice\\opa695_a.lib","ModelType":".subckt","DeviceType":"X","Source":"FROM_LIB","isLibSigned":"false","isAllowed":"true"},{"ModelName":"CLAW_SRC_OPA695","FileName":"c:\\users\\a0232073\\desktop\\gwl_models\\opa695\\appendscript\\opa695_pspice\\opa695_a.lib","ModelType":".subckt","DeviceType":"X","Source":"FROM_LIB","isLibSigned":"false","isAllowed":"true"},{"ModelName":"CLAWN_OPA695","FileName":"c:\\users\\a0232073\\desktop\\gwl_models\\opa695\\appendscript\\opa695_pspice\\opa695_a.lib","ModelType":".subckt","DeviceType":"X","Source":"FROM_LIB","isLibSigned":"false","isAllowed":"true"},{"ModelName":"CLAWP_OPA695","FileName":"c:\\users\\a0232073\\desktop\\gwl_models\\opa695\\appendscript\\opa695_pspice\\opa695_a.lib","ModelType":".subckt","DeviceType":"X","Source":"FROM_LIB","isLibSigned":"false","isAllowed":"true"},{"ModelName":"FEMT_OPA695","FileName":"c:\\users\\a0232073\\desktop\\gwl_models\\opa695\\appendscript\\opa695_pspice\\opa695_a.lib","ModelType":".subckt","DeviceType":"X","Source":"FROM_LIB","isLibSigned":"false","isAllowed":"true"},{"ModelName":"FEMTB_OPA695","FileName":"c:\\users\\a0232073\\desktop\\gwl_models\\opa695\\appendscript\\opa695_pspice\\opa695_a.lib","ModelType":".subckt","DeviceType":"X","Source":"FROM_LIB","isLibSigned":"false","isAllowed":"true"},{"ModelName":"IQ_SRC_OPA695","FileName":"c:\\users\\a0232073\\desktop\\gwl_models\\opa695\\appendscript\\opa695_pspice\\opa695_a.lib","ModelType":".subckt","DeviceType":"X","Source":"FROM_LIB","isLibSigned":"false","isAllowed":"true"},{"ModelName":"OPA695","FileName":"c:\\users\\a0232073\\desktop\\gwl_models\\opa695\\appendscript\\opa695_pspice\\opa695_a.lib","ModelType":".subckt","DeviceType":"X","Source":"FROM_LIB","isLibSigned":"false","isAllowed":"true"},{"ModelName":"VCM_CLAMP_OPA695","FileName":"c:\\users\\a0232073\\desktop\\gwl_models\\opa695\\appendscript\\opa695_pspice\\opa695_a.lib","ModelType":".subckt","DeviceType":"X","Source":"FROM_LIB","isLibSigned":"false","isAllowed":"true"},{"ModelName":"VNSE_OPA695","FileName":"c:\\users\\a0232073\\desktop\\gwl_models\\opa695\\appendscript\\opa695_pspice\\opa695_a.lib","ModelType":".subckt","DeviceType":"X","Source":"FROM_LIB","isLibSigned":"false","isAllowed":"true"},{"ModelName":"VOS_DRIFT_OPA695","FileName":"c:\\users\\a0232073\\desktop\\gwl_models\\opa695\\appendscript\\opa695_pspice\\opa695_a.lib","ModelType":".subckt","DeviceType":"X","Source":"FROM_LIB","isLibSigned":"false","isAllowed":"true"},{"ModelName":"VOS_VS_VCM_OPA695","FileName":"c:\\users\\a0232073\\desktop\\gwl_models\\opa695\\appendscript\\opa695_pspice\\opa695_a.lib","ModelType":".subckt","DeviceType":"X","Source":"FROM_LIB","isLibSigned":"false","isAllowed":"true"}]}}